{
    "condition_1": [
        10.002964929586605,
        0.25049863067039096,
        99.9999999999999
    ],
    "condition_2": [
        42.00300071769407,
        0.8404976219110032,
        99.99999999999989
    ],
    "condition_3": [
        25.003060901219992,
        0.6204988259215528,
        59.99999999999987
    ],
    "condition_4": [
        20.00300484848485,
        0.700506894753991,
        99.9999999999999
    ],
    "condition_5": [
        0.0015075071932909463,
        0.0004975346586409291,
        99.9999999999999
    ],
    "condition_6": [
        35.003016506431074,
        0.8405007860205277,
        99.9999999999999
    ]
}