{
    "condition_1": [
        0.0015070421467553992,
        0.0004971649484541211,
        100.00000000000004
    ],
    "condition_2": [
        42.00298803153911,
        0.8404954149765267,
        99.99999999999986
    ],
    "condition_3": [
        25.003014504753143,
        0.6205016865992025,
        59.99999999999961
    ],
    "condition_4": [
        20.002977542662116,
        0.7005141676147135,
        100.00000000000004
    ],
    "condition_5": [
        10.002992721351209,
        0.2504946678785131,
        100.00000000000004
    ],
    "condition_6": [
        35.003038649981036,
        0.8405016382252549,
        100.00000000000004
    ]
}